filename,Fish,None
im_f422__jpg.rf.27da4bd4b024908d53868e1cc0cafa76.jpg,0,1
im_u1116__jpg.rf.798c37625d47030982cb6697431e3f65.jpg,1,0
im_f712__jpg.rf.7bb373ce26bfedaf1f01e743edc436f1.jpg,1,0
im_u946__jpg.rf.483915684780e84bff00e850c87dfc75.jpg,1,0
im_f538__jpg.rf.cf1eacf74a827adc61044a0e7eff612b.jpg,0,1
im_u1891__jpg.rf.361718680fe2d1c8aae812b50494060c.jpg,1,0
im_f1951__jpg.rf.ddccf4c1b45b58787151c72130b35760.jpg,0,1
im_u333__jpg.rf.5441096fd7ac9219c35bfc33104cd6af.jpg,1,0
im_u125__jpg.rf.9907cdd4314aa407cf5a7b48936a277e.jpg,0,1
im_u448__jpg.rf.99f48dbeeec273da7d710a1817525111.jpg,0,1
im_f2170__jpg.rf.162b10190987d5d763961a64e4ced77d.jpg,1,0
im_u29__jpg.rf.7b72bc3b12f57fd0bb41dc60e6e708f0.jpg,1,0
im_f914__jpg.rf.09e9c2347526f0c447a639f5972002d6.jpg,0,1
im_u404__jpg.rf.965916665cc3013a98319cf284da763a.jpg,1,0
im_u616__jpg.rf.012df232fd08481e2e5bd96ab10fc4d7.jpg,0,1
im_u886__jpg.rf.d0ce5316725d95d002e4158520db05ef.jpg,1,0
im_f863__jpg.rf.dbe86e11bd05036e7e6b0e63638cf77c.jpg,1,0
im_f169__jpg.rf.f50c651aa156d43161b77fce00af44c0.jpg,0,1
im_f1935__jpg.rf.84165b0bfd70fd526b88803ada7ce0fc.jpg,1,0
im_u39__jpg.rf.3c39dc9141e0de7d6277db077ee0c6da.jpg,1,0
im_u892__jpg.rf.81231520d21aa88a49ecd5e4d41444e7.jpg,0,1
im_u485__jpg.rf.011008ccef5dfcf2225ad0621740ab86.jpg,1,0
im_f374__jpg.rf.21d12078b5fa7c116e5d3014bff7116f.jpg,1,0
im_u436__jpg.rf.d42c5ec4b7e5278b5478444ec5afade2.jpg,1,0
im_f1735__jpg.rf.8b86b674d2f70a2e3c5935428e26415f.jpg,1,0
im_u134__jpg.rf.11487c40c1388c4010e795932af567e8.jpg,0,1
im_u429__jpg.rf.1c2a385ddb3a62d5c25813157f2f1b4c.jpg,1,0
im_u303__jpg.rf.80937cc59513c4c7bff170ce700263ef.jpg,0,1
im_u992__jpg.rf.52f5a3d18ddc26b6a4fcb42372de3855.jpg,1,0
im_f156__jpg.rf.b24e32b680eccff50d402c83cb322bfa.jpg,1,0
im_u212__jpg.rf.b31f274eeccdcc06133e49232e5bc668.jpg,0,1
im_u1615__jpg.rf.d4c5fcdd631b5949585f676c01f9dfcc.jpg,1,0
im_f1603__jpg.rf.8f4a1fd0c6ffe074a39af4a20f409b1d.jpg,0,1
im_u1764__jpg.rf.d7424750b01467d46142d66841e901e0.jpg,1,0
im_f2466__jpg.rf.da4cb4eef2221d85c2f3645d01445413.jpg,0,1
im_u1964__jpg.rf.b3f8812264d344c01ebe72900952481d.jpg,1,0
im_f968__jpg.rf.a1e04244645e99c07e8303743ee97296.jpg,1,0
im_f1525__jpg.rf.7be12d6eee7adf99a57016b818422ffe.jpg,0,1
im_u966__jpg.rf.0197e1972393bffcdef2dbce1f55b0e1.jpg,0,1
im_u63__jpg.rf.5d2d33b13cb3834846fe421284418fea.jpg,0,1
im_f2169__jpg.rf.c3b3395a96fea1027261189e4879340e.jpg,0,1
im_u1782__jpg.rf.704644f13a706c8cb88ab1571f831991.jpg,0,1
im_f24__jpg.rf.7c0762019e1da99e3c280aaa4db4f445.jpg,0,1
im_u839__jpg.rf.e500ac3c9231d7c2b9e43d8babffd403.jpg,1,0
im_u1124__jpg.rf.6010f571e01e8beb85e837f7b42cdefa.jpg,0,1
im_u1628__jpg.rf.9b53c7065557cf3cd073faec59d31afa.jpg,1,0
im_u1419__jpg.rf.8f3f7ba9e817a1b12d98b0be2bbbe26b.jpg,1,0
im_f2196__jpg.rf.9247a3e2a67d36049cb87afda332c7c7.jpg,0,1
im_f194__jpg.rf.e9eab68a0959efdd6917b38faf5be8f3.jpg,1,0
im_f1626__jpg.rf.77cad7da2c3f4991a13cf07ce0ccd7f4.jpg,1,0
im_f1034__jpg.rf.a3e82b84108819464a516eaed263f901.jpg,1,0
im_f1910__jpg.rf.6be36bcbd8e1bf4938eabdee4f261707.jpg,1,0
im_u1954__jpg.rf.83f1e7433f1ee7ad25530c2ffdc156b1.jpg,1,0
im_f588__jpg.rf.f03095eef279465005b9a90be8b2b751.jpg,1,0
im_u1849__jpg.rf.5a2d2b89f52441e24e86cf981b29c0a6.jpg,1,0
im_f2296__jpg.rf.9edd8e9df3bc8d5e6cdd090520d32ede.jpg,1,0
im_u431__jpg.rf.064b8ab7add2738883cb23071ba7a91f.jpg,1,0
im_u1424__jpg.rf.3c7f311ce848947171535d467f0bb8e5.jpg,1,0
im_u445__jpg.rf.283d89ad8ad228c741ba9c116a83d569.jpg,1,0
im_f317__jpg.rf.d97a808d312141d56c1bc3a6a2bd610f.jpg,0,1
im_u877__jpg.rf.080a18ff3699811f63f0920c7004bd6c.jpg,1,0
im_u1887__jpg.rf.6f34ecd54d005f0f033ab4d8fdeb19dd.jpg,1,0
im_u765__jpg.rf.b2885a54a4be4fa0cd0977a0d07e7dd9.jpg,1,0
im_u745__jpg.rf.4dc52c76d650c387c5fea52725159fc1.jpg,1,0
im_u1340__jpg.rf.ba85f14b10c5cd9de1dfe59a646538ef.jpg,1,0
im_f1418__jpg.rf.7c6764e2823f7d59c3077d7c38ff0d23.jpg,0,1
im_u2025__jpg.rf.37fbbabf93b1add30c766491256517ab.jpg,1,0
im_u1914__jpg.rf.2237d3b9331776e0ac36cb0a89811d61.jpg,1,0
im_f1212__jpg.rf.9cbd132cf6dae6def2dc482084cc3734.jpg,0,1
im_u147__jpg.rf.d4e380f7a7cd3e4c22d835de2592d64f.jpg,0,1
im_u640__jpg.rf.ce31f8677db3e6cd16a40a5d71f39733.jpg,1,0
im_f806__jpg.rf.a078a9b924d02e2a31564ed389a0d87f.jpg,1,0
im_u497__jpg.rf.ba3eb2917cb976982c769534e53f9112.jpg,1,0
im_u305__jpg.rf.c60b1fdfd43b7eb49f93dde23b795dd0.jpg,1,0
im_f948__jpg.rf.c2c564053d64c5dc87cc7afea921c661.jpg,1,0
im_u1384__jpg.rf.0763e0921dfd060eb4ad6f9a0fcaaccd.jpg,1,0
im_u1422__jpg.rf.079e1f7380fa70b0ac86ef542e4d20e3.jpg,1,0
im_f1644__jpg.rf.dc7f94e4ecdf634b6ddb5a62f61d00c6.jpg,1,0
im_f2419__jpg.rf.6fc962bce1fadcc87d8b184531bc12db.jpg,0,1
im_u1156__jpg.rf.a3831a24bde2b16ab42d0f17a234fb2b.jpg,0,1
im_u1050__jpg.rf.d878f5a4d844e25716ad35cb17b636ca.jpg,0,1
im_f132__jpg.rf.3c011bc35af4e0409607f0885881e410.jpg,1,0
im_u399__jpg.rf.b784191373579be402d53d76d2a34c46.jpg,1,0
im_f2293__jpg.rf.e2c5b9ab6cf880a8e80863fbd1da414b.jpg,0,1
im_f333__jpg.rf.0497ab2900ffea570d40102a88e6e1ed.jpg,0,1
im_f1655__jpg.rf.bd22ee75595e7999a9730b52a0d7bcaa.jpg,0,1
im_f1254__jpg.rf.2b88715d037969983a46ce0831600930.jpg,0,1
im_f1315__jpg.rf.967807e3c67d47373a512bd6a15e796f.jpg,1,0
im_u14__jpg.rf.b115a76e54c7b7e5479aef8e131763a6.jpg,1,0
im_f1170__jpg.rf.a2f948dec7b74a1e90ab2fb2ff1d7a6b.jpg,1,0
im_u698__jpg.rf.65348ceac8927818c0c548e1440ac0f6.jpg,0,1
im_f1633__jpg.rf.ff9239c4e8e027abb010613b2760c25c.jpg,1,0
im_u1314__jpg.rf.cbbf5eea9c7014a209664edc5d97ebeb.jpg,1,0
im_f112__jpg.rf.5be747269e4d7d362c81245b72ee1134.jpg,1,0
im_f8__jpg.rf.6ccc5bd398ed1180b0a918633943ba7c.jpg,1,0
im_u1252__jpg.rf.d36b3adf3e0a08a7b36adb7c1643c991.jpg,1,0
im_f1308__jpg.rf.49f4dcef16c80c666f3429732bb079ed.jpg,0,1
im_f2009__jpg.rf.df6ec887d839215ea72c71d434f0df19.jpg,1,0
im_u766__jpg.rf.b3f14d13b57ff48d3b80c79508f708c2.jpg,1,0
im_f739__jpg.rf.ec9f5d6f3060ce793e90366b2c9602f5.jpg,1,0
im_f1696__jpg.rf.c1292735fee889b1ebafca804bdd369c.jpg,0,1
im_u943__jpg.rf.c848ab4c1abcde122d59a741fe534fed.jpg,1,0
im_u1511__jpg.rf.183813a5ed1facac1484ce31af092bab.jpg,1,0
im_f2076__jpg.rf.393cc179ed6f9fb671f8d40147212039.jpg,1,0
im_u1279__jpg.rf.935cc37d6c88d97e88532cf9201d450d.jpg,1,0
im_u589__jpg.rf.9e0ba125850928a81b1b3f82a9f0ae59.jpg,1,0
im_u871__jpg.rf.6072e16148e1668a7fa1e02542d27de2.jpg,1,0
im_f154__jpg.rf.9925bae5644004e72ded7edfdcbdfc15.jpg,1,0
im_u911__jpg.rf.b79792fc412b3a7e4158bdda23e3c7a5.jpg,1,0
im_f993__jpg.rf.000ef7a773167809e80e19705e91dceb.jpg,0,1
im_f2205__jpg.rf.96973cd0b4b9e63fd934db3edb9284bf.jpg,1,0
im_u942__jpg.rf.ed3f4c45a545d3bf93a5efa76ab8f882.jpg,1,0
im_f2050__jpg.rf.28e7c74e7cefb9adc0b6f90c6bcd78d5.jpg,1,0
im_f346__jpg.rf.7f47542a43da57c4b3c1532ef09bbad8.jpg,1,0
im_f2167__jpg.rf.4401314f4a8add6f651c62ce5a726d7a.jpg,1,0
im_f869__jpg.rf.9dbbabb25dc108cde357c92a8ebb84c8.jpg,0,1
im_f496__jpg.rf.c8b018aff2a667b2265a5e73f9c2b3d3.jpg,0,1
im_u1159__jpg.rf.dd6c2410fceb511d67db228d3ff8219b.jpg,1,0
im_f456__jpg.rf.4b620c8071c6d94b8e1ddac8868a85b6.jpg,1,0
im_f524__jpg.rf.3a7a69fba076995f7932043fe94d34b5.jpg,0,1
im_u1030__jpg.rf.ff94db4b0ed51b9120d1bb78081cf39c.jpg,1,0
im_f1878__jpg.rf.39eaa329fd0135565bc2b59d66345435.jpg,1,0
im_u390__jpg.rf.713f4d1661a67172750f6d4981474f7d.jpg,1,0
im_f543__jpg.rf.defffca13fc2f9a4846bbefd411d1f49.jpg,0,1
im_f1887__jpg.rf.ff40d0bad3c2777d356d478911ddc947.jpg,1,0
im_u792__jpg.rf.78e80afea0b75bb98b2aee1e76116df8.jpg,1,0
im_u938__jpg.rf.ea8d3ff634cb173c34b39cf57d82d012.jpg,1,0
im_f1307__jpg.rf.3467c8ae6f686f3382f6551bfd3cacfc.jpg,1,0
im_u2039__jpg.rf.ede84aba7b4b395ef0fb7dc5ae5c4a92.jpg,1,0
im_f1305__jpg.rf.faf18b39b7228608cac142494da120c7.jpg,1,0
im_f64__jpg.rf.a0c03c8a3d82483f841fb9051fb72fc0.jpg,1,0
im_f1728__jpg.rf.447a5194f8847c3e181b100088f09c40.jpg,1,0
im_f1060__jpg.rf.2bd21051c3e54270c604c2989f956aea.jpg,1,0
im_u1405__jpg.rf.a419d53fc277e01325d1f474c4ce8b11.jpg,1,0
im_f2447__jpg.rf.ba6aec9b915f0b4e4811be6194fef608.jpg,0,1
im_f1211__jpg.rf.e51db9d22395461aef887fb76c6036ec.jpg,1,0
im_f432__jpg.rf.72129a97562ea16df62cd6f637fe372d.jpg,0,1
im_f2468__jpg.rf.508237e36aae676d92d4a062c9b82fc9.jpg,0,1
im_u1585__jpg.rf.ce8c5085a30332061af41c9a2ab43853.jpg,1,0
im_f2149__jpg.rf.4a9b8d286ee0d7263540a0795193ca23.jpg,1,0
im_u1996__jpg.rf.ad88f13f1488c2289d835943abc5b68a.jpg,1,0
im_f1894__jpg.rf.ef873b2f87303fe9600715e72cbd5975.jpg,1,0
im_u1102__jpg.rf.568608e545c90d725e5cb1a2032a18e8.jpg,1,0
im_u528__jpg.rf.ef84b1292822cf4cb15a470e1b81c3de.jpg,1,0
im_f235__jpg.rf.8ac15d01be1f290698c2767c0590ab0d.jpg,1,0
im_u1391__jpg.rf.090c6c48eeb2360c6b6b1e2aac2978db.jpg,1,0
im_u1342__jpg.rf.c371bd9f01990145acec8838eb26c34e.jpg,1,0
im_u52__jpg.rf.776c00eebf27d78b039d6c22ecd7a5a7.jpg,0,1
im_f530__jpg.rf.1656c22a32947385a8e8900bc7aa277f.jpg,0,1
im_f70__jpg.rf.6479e1dfe0ebe61103fe28446c990b55.jpg,0,1
im_u959__jpg.rf.f60c53687a0b2aacc8f6568ef4b9b781.jpg,0,1
im_f2013__jpg.rf.ecfd7dc97fa43bd1e6606c694a279c33.jpg,1,0
im_f889__jpg.rf.db3eae62c2c5d15f86eaa195fa191afa.jpg,1,0
im_u1632__jpg.rf.45c56c8268bf96b1b792b6257d3e3fd0.jpg,0,1
im_u2040__jpg.rf.a10c95f29abe55ee799aaa9a333d4c5b.jpg,0,1
im_u831__jpg.rf.9c82db8dedc8ddacef4436701cb231dd.jpg,1,0
im_f2483__jpg.rf.2766207764feb46db8df76d84311eec6.jpg,1,0
im_f2462__jpg.rf.e9cec92216cac87f4a816ad9e1128770.jpg,1,0
im_f1863__jpg.rf.a39488548184ac1bef0b42a218bdd3dc.jpg,0,1
im_f1362__jpg.rf.e84d95bc9360a813eef2d11cb1339353.jpg,1,0
im_f1079__jpg.rf.f899f7369d7ae16b5e5070e2fa25a8a0.jpg,1,0
im_f1506__jpg.rf.5de5826e28ea02182431ce5001f83305.jpg,1,0
im_u2011__jpg.rf.d4dff4cda961e13f22f808b0c016a4ec.jpg,1,0
im_f216__jpg.rf.f829d90a0a3541bf4ef44ecbf49c1888.jpg,1,0
im_u253__jpg.rf.988a1a38aa1752393cb81fee5e3f4e8b.jpg,1,0
im_f304__jpg.rf.3700e7f12ec91e8b76bb59c8735e416d.jpg,1,0
im_f1819__jpg.rf.b6f8fe255e2d5c309b6fa0adfbb6fab6.jpg,1,0
im_f421__jpg.rf.8b4ae5114e5af2548a1bf29cbf5e3f7c.jpg,1,0
im_f2402__jpg.rf.4502aa94efbcf9597bee560df0a8d1be.jpg,1,0
im_u1564__jpg.rf.bb26e6e520417963b88d37bef6137dfa.jpg,0,1
im_u1579__jpg.rf.ffa40a00d74a7e1b36a414c301dd1bc6.jpg,1,0
im_u746__jpg.rf.b49263173f05c55e762f986c24567a6b.jpg,1,0
im_u392__jpg.rf.8f7ad104f2cc3ed34b70469c96df7848.jpg,1,0
im_u1380__jpg.rf.f50f2c5c315236fd1364d15b2dd3c22b.jpg,1,0
im_u650__jpg.rf.4b2003daea492d5319103fd97b7259ac.jpg,1,0
im_f166__jpg.rf.d82ec79b6520c97dfca505af0d08fcf3.jpg,0,1
im_u1537__jpg.rf.fd9b960f19365dc466a524621d63aaf3.jpg,1,0
im_u1118__jpg.rf.6ed6fd6b03460e623f6d336376399883.jpg,1,0
im_u660__jpg.rf.82734de43b95a007c683466ccfad156c.jpg,1,0
im_u835__jpg.rf.b6ab36bbe65759850af51b49f9ac0c04.jpg,0,1
im_f124__jpg.rf.0330ce3b77541a039bb9c4a72f191cd9.jpg,1,0
im_f2132__jpg.rf.99c83271f961786bed4318f5682dfaf2.jpg,1,0
im_u1845__jpg.rf.a43e89d69fcbe6c7cca62d2e7724145b.jpg,1,0
im_f740__jpg.rf.50d36ed9941f92c99dc6bec37ad7a157.jpg,0,1
im_f97__jpg.rf.e45199097720e364fc8c79dfbc23dd38.jpg,1,0
im_f462__jpg.rf.648469fd0ec70c22e85bef65e8ecf36d.jpg,1,0
im_u981__jpg.rf.f5b664aa636ca4bec04cb930e2862a8e.jpg,1,0
im_f2153__jpg.rf.a7bdbec03168f78439d0ea703ed0bbc5.jpg,1,0
im_f1484__jpg.rf.503db98e918a201afa87b6633b9f09ff.jpg,1,0
im_u427__jpg.rf.d76df11553708688a2ed170e327dcb2c.jpg,1,0
im_u1005__jpg.rf.eb407a2f02892bd48f3742ef753238f5.jpg,1,0
im_f199__jpg.rf.d05d7aa826546acfd35f8327142f8a6a.jpg,0,1
im_u2016__jpg.rf.1f335e095006bebc05e68b5efb5ea79e.jpg,1,0
im_u707__jpg.rf.bd91aabddf783d88d5dd5070b20328b8.jpg,1,0
im_u1831__jpg.rf.a9f6c8c39db2735093f5978a28488e6b.jpg,1,0
im_f225__jpg.rf.f7e9d71f039ec3d7a64939c2fb010560.jpg,1,0
im_f485__jpg.rf.e8107aaabad3617e4dc2286d61fa4dfa.jpg,0,1
im_f1534__jpg.rf.9c5754a2ca51999646282f84e1c087e2.jpg,1,0
im_u153__jpg.rf.52b3bdb3dfaffac4b50575b018fb9196.jpg,0,1
im_u384__jpg.rf.bb89cf05ddc34ec568e7a983b91e419d.jpg,1,0
im_f1168__jpg.rf.981a0f53828ccd3b7b93d1d5a931e98d.jpg,1,0
im_f861__jpg.rf.8ed1b3e13af12461447dc8021817c321.jpg,1,0
im_f315__jpg.rf.a335cb459c031ebad76e4e3712570a32.jpg,1,0
im_u138__jpg.rf.c602c10e4d4ef67f426f0ab6dfee702e.jpg,1,0
im_u472__jpg.rf.994f2a88531f78bb267155be9c0b95a7.jpg,1,0
im_u2015__jpg.rf.71e227db346d0af3ad1464c263b17432.jpg,1,0
im_f649__jpg.rf.0e5d93c08680a538a10697a5e41295db.jpg,1,0
im_f1265__jpg.rf.3cac8c787091fff0ae2aec889c428b9a.jpg,1,0
im_f1557__jpg.rf.d76bca2e205ec613dc92cebeebe157ba.jpg,0,1
im_f2350__jpg.rf.a32a7cf765c81f6bf9a89b4fb59a2b3d.jpg,0,1
im_f881__jpg.rf.bcd69adb9af9b0fd0f2c9813b5e46676.jpg,1,0
im_f1420__jpg.rf.a39da978691d16c18102aec77ea631ac.jpg,1,0
im_u1823__jpg.rf.0ae04372bb030b4beee203fa02776f57.jpg,1,0
im_f604__jpg.rf.8c256ec618b94821296ce0b294a10571.jpg,0,1
im_f470__jpg.rf.efb492cb710f7d36873f056841ff2bf4.jpg,1,0
im_f297__jpg.rf.a2e165e2f09807d4871501008aa56f02.jpg,1,0
im_u206__jpg.rf.a565c5ea72d725ec23e7a548d7177f48.jpg,1,0
im_f1033__jpg.rf.6a057747d6199054b5e61bf069e27023.jpg,1,0
im_f2093__jpg.rf.3f9be3da5d5cc315b9237b04d9ec3d4c.jpg,1,0
im_f1005__jpg.rf.f79b8911ae3a50de26fba441e8c0c8ff.jpg,0,1
im_f52__jpg.rf.a6c19a73790d266a305b23b322cf9b4d.jpg,0,1
im_u1574__jpg.rf.8b406ead53b8998355a58d0bdaeadf1d.jpg,0,1
im_f1606__jpg.rf.d0bdcba065034e1709862dee9c111256.jpg,1,0
im_u1949__jpg.rf.45a28bef5b6805735a2464cfc2400beb.jpg,1,0
im_u1162__jpg.rf.29d3f37ac5b7e29943f9ca5569e1bedc.jpg,1,0
im_u1482__jpg.rf.e221162bfc6eeccd56b8d08bc0c01e7e.jpg,1,0
im_f424__jpg.rf.b8cbb68f036965ac8b404a5a14c061d0.jpg,0,1
im_u1677__jpg.rf.447af6eb4e5bec4789795ee0fe744634.jpg,1,0
im_u1328__jpg.rf.805227fb98b2a4811a58de7428d4927e.jpg,1,0
im_f995__jpg.rf.505b8eb974ca8e831e49a516c6d7ef48.jpg,1,0
im_f160__jpg.rf.befaba9ab8aa389a2e625caecc36fa39.jpg,1,0
im_f1856__jpg.rf.9d60ce7f40ad2141287a9bdcc04f3c32.jpg,1,0
im_f175__jpg.rf.73602f83517a52cd8555edf05e98a53b.jpg,1,0
im_u1734__jpg.rf.e5480f4bd6ff092933dcf3398a7ecd16.jpg,1,0
im_u475__jpg.rf.c7e5dc7fffba8190a25f8fd8e1d71382.jpg,1,0
im_u1879__jpg.rf.e33b84c1c08e65e4af9816c0185ffd82.jpg,0,1
im_u1694__jpg.rf.4a3a6a4cba8994a63a22d1361b0e1de1.jpg,1,0
im_f128__jpg.rf.63b9e748c647d06a7e128ccc1759bbe3.jpg,0,1
im_f501__jpg.rf.4642959a386cad38e9f27bb05d2b05a8.jpg,0,1
im_u367__jpg.rf.6bfe7996e3558f171d3ea59fd4050c56.jpg,1,0
im_f2436__jpg.rf.351de35b731a3a42864b8bff43b676c3.jpg,1,0
im_f1486__jpg.rf.7867961bea3394761ac7d39cf9ef12c2.jpg,1,0
im_f778__jpg.rf.6365da6a5ace6ac3bf4adaa526f52eb2.jpg,0,1
im_f1618__jpg.rf.dc0990efd55ecb2c380103ecf3eaf534.jpg,1,0
im_u1073__jpg.rf.01c5885d28cf073f4d7728e2cb79a33a.jpg,1,0
im_u1909__jpg.rf.1c1977e9eca8d375e64a5d46eba6b8e5.jpg,1,0
im_f1359__jpg.rf.1cf61522fca154c0a15a0255fd465290.jpg,0,1
im_u1848__jpg.rf.69ab7aeb740752265a4c8a7ceaa6da57.jpg,1,0
im_u1127__jpg.rf.3a84aa9bef333cca584e4d2e8bd2b292.jpg,1,0
im_f71__jpg.rf.ccec6d7195ca07118bdafa1b19302c4e.jpg,1,0
im_f1628__jpg.rf.9803a89ea702cd285508cbb7bc6589c6.jpg,0,1
im_u923__jpg.rf.1d90af79b22194ab135aa1e6b5c6d252.jpg,1,0
im_u1305__jpg.rf.ec422083067619efed96363b9163a59a.jpg,0,1
im_f1385__jpg.rf.e995af347a70be1a416410db494f99d5.jpg,1,0
im_u1761__jpg.rf.85b3b959917a2e68dcfa2ccdfa636dc0.jpg,0,1
im_u499__jpg.rf.a15f5a3a6c076d671ba96ce59d3bb7f1.jpg,1,0
im_u1094__jpg.rf.178a8ff439a0fbd1bb200a59378416e4.jpg,0,1
im_f2218__jpg.rf.ec182cbb7bb917f867fec206359bf733.jpg,1,0
im_u1675__jpg.rf.f43c998590fe65ebc45c8df4d394bcce.jpg,1,0
im_f210__jpg.rf.298b240ffae2eccfea3e04c89e39b2bd.jpg,0,1
im_f118__jpg.rf.1f3aef2094f1579c1ba720a011cc8865.jpg,1,0
im_u1316__jpg.rf.4ddd08f206687735afcbf857921f1fca.jpg,1,0
im_f994__jpg.rf.a06b82fa8f71c7bb0c13599417bff6ca.jpg,1,0
im_u1074__jpg.rf.d0b07e889aeee4fb1b3f8a9d48b8f94c.jpg,1,0
im_f838__jpg.rf.afbfe29e7feee98d3cf5efca247a89e9.jpg,1,0
im_u328__jpg.rf.8dd3b1e817b243b018fff82653c46173.jpg,1,0
im_f1328__jpg.rf.2b826420ec4f8ca84390b8a127abef5a.jpg,1,0
im_u1239__jpg.rf.b0eb4df00fa9bf5f214b687c4a636d68.jpg,1,0
im_f1232__jpg.rf.8dfc0cc6b01d42f3ff9e96c7c9a5666f.jpg,0,1
im_u1689__jpg.rf.cc89b6b90f1a5f7444448bcfdf5e87d8.jpg,1,0
im_u214__jpg.rf.23261dbd8ae6e9b82ca286948fe9fabb.jpg,1,0
im_f469__jpg.rf.481657076928759758c75ba636fdc0e7.jpg,0,1
im_f1662__jpg.rf.5f6468f242e8b9f5fcc3879079bb4cd4.jpg,0,1
im_u278__jpg.rf.9028309ee13008efdba1d00495a33494.jpg,1,0
im_f1610__jpg.rf.2286d03810d01019c6daecc857ef1d53.jpg,1,0
im_u441__jpg.rf.b64eeb0b1337ffb11793ccb83f7f3edb.jpg,1,0
im_f1118__jpg.rf.c5d3f9e4a5bc2f306bfd34698376e58f.jpg,1,0
im_f1022__jpg.rf.d9aebf46e1c74a44bcf4761f941fee8a.jpg,0,1
im_u812__jpg.rf.e61dfd4fd0a8858c8a4ea2c6fd9dd464.jpg,1,0
im_f1524__jpg.rf.f25c5a8062478447be38edbd4fcec24c.jpg,1,0
im_u46__jpg.rf.8dc6723b35aeaf61077f2ca5f8223e5d.jpg,1,0
im_f874__jpg.rf.57df3c6dd1175e1af2f308b62a6c408a.jpg,1,0
im_f944__jpg.rf.6129b5c13cf36e7b8ab1c3615b42478c.jpg,1,0
im_u1250__jpg.rf.b96e2fd50561d09a92bc6cdc5d5e4475.jpg,1,0
im_f2073__jpg.rf.9fd99682481a07e7deb4e9cce985fe31.jpg,1,0
im_u819__jpg.rf.e2d02ff9dbc47bf4709795731a2a40ea.jpg,0,1
im_u1790__jpg.rf.d08988672519d675d443f3dd6a66c681.jpg,1,0
im_f195__jpg.rf.57040a5c6e1947b0c8a401afd7d7cb57.jpg,1,0
im_f44__jpg.rf.0ce9b4409a82aa0b237d06209371c8c8.jpg,0,1
im_f567__jpg.rf.21b9ed114fed4b30010bebec11632c5d.jpg,1,0
im_u1450__jpg.rf.7f0fb4f0ef4371a9e3491fb0ffcbc437.jpg,1,0
im_f228__jpg.rf.3c5a4e17137f64d9ade8e872fe96d21f.jpg,0,1
im_u301__jpg.rf.3803c0277ee81e9ab27b6976ade31c2a.jpg,0,1
im_f2122__jpg.rf.579e40f6dcc575cc4aa8d083b352a143.jpg,1,0
im_f310__jpg.rf.016f8700de58b1369b9cf60468c1df27.jpg,1,0
im_u1333__jpg.rf.95705d1fbd80ffd98bf3e8628eba1698.jpg,1,0
im_f517__jpg.rf.ee13ecc570d9a1e88979c9eb9eea0110.jpg,1,0
im_u974__jpg.rf.84f2e0fa69f2a47dc266d01d28e57750.jpg,1,0
im_f2152__jpg.rf.2ae7213413d430d3777e5a4316d1720c.jpg,1,0
im_f2088__jpg.rf.0d35ac051ac8b5bc6403e387f7b78a1f.jpg,0,1
im_f2475__jpg.rf.11087797ab60b1c368ec0e821a58e188.jpg,1,0
im_u648__jpg.rf.2ad2cec7f304af87d476aca954cb3a9c.jpg,1,0
im_u593__jpg.rf.66fbe35dc6cf03739ed2103a75d38ac4.jpg,1,0
im_u1436__jpg.rf.879e34ed13d23a7b9323a6ff1e3c5b71.jpg,1,0
im_u1778__jpg.rf.c0a5bfb5d3c96135dd2b56636bebec2e.jpg,1,0
im_f2082__jpg.rf.9f0650b200c72277c29f15cd03f362cc.jpg,1,0
im_f441__jpg.rf.c5ddb64389d2b994ea966bf72ff4ac3c.jpg,1,0
im_u825__jpg.rf.7651befa75ef10d5f075451b66ddbb39.jpg,1,0
im_f823__jpg.rf.3fa7aa90b89cc7900216a6a67392fdc5.jpg,0,1
im_f1145__jpg.rf.9b0cbc8838be36d1bb9b34f565a424ef.jpg,1,0
im_f278__jpg.rf.6fcf8eee2c9c91cfb955ed7b0459a906.jpg,1,0
im_u870__jpg.rf.ffaf2d069f993c6c8e0a6e55cd798935.jpg,1,0
im_f2098__jpg.rf.ad07ee9cff306da6adde35fbfdeb024d.jpg,1,0
im_u25__jpg.rf.16f6acc228a658daeea42afb43415275.jpg,0,1
im_u382__jpg.rf.da55ecd9c7cab1e5236fd63959863def.jpg,1,0
im_f1682__jpg.rf.6771a3e49e5ce9b03a27ede124ad015e.jpg,1,0
im_u1494__jpg.rf.c31bb3c7293449e3ad4695db8f983232.jpg,1,0
im_f1228__jpg.rf.6099da9282a533946c698e45a83babb3.jpg,1,0
im_f1087__jpg.rf.d08a888c13cea71e27bc5d0b4a75ace4.jpg,0,1
im_u633__jpg.rf.41b4e5f6f2e64f3fc0b602e5cb69edeb.jpg,1,0
im_f666__jpg.rf.c5326b9714f5062b512d5075a8a06073.jpg,0,1
im_f1176__jpg.rf.74e4116dee6079af579e91c0e4ef6b37.jpg,1,0
im_f1154__jpg.rf.ad8ee4a9bbefeced737ccd044168ea8e.jpg,1,0
im_u615__jpg.rf.88fde54224025b22b761de984ffaa888.jpg,1,0
im_f2396__jpg.rf.009c53b59ac98f7c01bee3cf021b52d2.jpg,1,0
im_u1160__jpg.rf.26571982f850cf1ba18a9610ca3994e8.jpg,1,0
im_u811__jpg.rf.4798fca1234c47bc4d60ac93e2ced20e.jpg,1,0
im_u493__jpg.rf.9f3010c4f07becc90a7c0c71b80a631e.jpg,1,0
im_f917__jpg.rf.3412a476f769bcf984c8347889c5bc89.jpg,0,1
im_f511__jpg.rf.fca22295ebf8377e93f3255d0c7151d6.jpg,0,1
im_f283__jpg.rf.d7a09d1f0ba7bb4eb5a1b9b9959e4dd0.jpg,1,0
im_f1656__jpg.rf.a85b667d0771a5c7d5fd07c11fc0ae75.jpg,1,0
im_f1902__jpg.rf.4a2bd4712e35abadc9cf5a9f4f437de2.jpg,1,0
im_f347__jpg.rf.32c02a664c7e78bffcc710ea22a0aa78.jpg,1,0
im_u999__jpg.rf.2cadc91484840b8a644bc3aa5ea57b7b.jpg,1,0
im_u1903__jpg.rf.efb35752a9fb9eeca4251c08f14536f2.jpg,1,0
im_u904__jpg.rf.eaf74151c7e4db6a97f3c621c3a2840f.jpg,0,1
im_f1002__jpg.rf.e3a2dc73367ff92caa1ada9851dd7db8.jpg,1,0
im_u455__jpg.rf.9c9720999c72067f5d25f99f6a70b31d.jpg,1,0
im_f282__jpg.rf.69c55d5ef58e6eb2fe2f30dda62a216f.jpg,1,0
im_u1282__jpg.rf.2215c5fd85a59841823f1f38f0f42c08.jpg,1,0
im_u1047__jpg.rf.97421c3611934fcc72f38c64f51a8846.jpg,1,0
im_f2388__jpg.rf.aa370d5558197c87a26ffce78e2f0a03.jpg,1,0
im_f2363__jpg.rf.ddaea4fbf109adb53ff055a8f4560125.jpg,1,0
im_f109__jpg.rf.0c3dda9f39a11edbe1ec55a78f85f940.jpg,0,1
im_f652__jpg.rf.2efac5e91247aa3245678fc6027e0d79.jpg,1,0
im_u19__jpg.rf.bc1c16178fb61a56d8392745615b32fc.jpg,0,1
im_u733__jpg.rf.d80739a8b1728faa587b114dee8586aa.jpg,1,0
im_f159__jpg.rf.16a887790c2c2dc54eeef93112865112.jpg,0,1
im_u287__jpg.rf.1d710b0ba395c5e957e388b82a762f45.jpg,1,0
im_f1309__jpg.rf.e2d4b480ba9bcdc9e119280874c97a7d.jpg,1,0
im_u99__jpg.rf.6f9a0d2c9394dd6247f2121eb4312fdb.jpg,1,0
im_u364__jpg.rf.941bf284c0f3eddf08c501a73917334d.jpg,1,0
im_u1247__jpg.rf.c7c6e4b90f07102defd90f20dfe2aa97.jpg,1,0
im_u1469__jpg.rf.4af4ec6bbdd520ff6e84d1457b3b1225.jpg,1,0
im_f243__jpg.rf.747f1709ff224857ea8e6060bf78f383.jpg,1,0
im_u1515__jpg.rf.9f0b086e7aa35650268e1800c0cf8b98.jpg,1,0
im_u1746__jpg.rf.654ee89603e6cadadace7475bbab5066.jpg,0,1
im_u940__jpg.rf.449e46a8dce56d6810c93d0e7df717ce.jpg,1,0
im_u1394__jpg.rf.01bc634f561b9cc7f9a92919a3959698.jpg,1,0
im_u1608__jpg.rf.68c7a797946339f459ee78aa45e596a6.jpg,1,0
im_f151__jpg.rf.bab417a609a808c268282000118453ef.jpg,1,0
im_f1695__jpg.rf.e81d2384fe607e608b8a763580f5b507.jpg,1,0
im_u1477__jpg.rf.855bde034e261bedf9575a6cb4f811aa.jpg,1,0
im_f35__jpg.rf.5d2e9616a6a3755ebffbd62bb350c6f8.jpg,1,0
im_u1931__jpg.rf.f7ddff4d5f1276b23d7508294dfd8adb.jpg,1,0
im_f285__jpg.rf.fba1e6f4cd3f830a92dd29eb8b42c2ee.jpg,0,1
im_f312__jpg.rf.9db9b1afbb18428c823a4fecee587817.jpg,1,0
im_f104__jpg.rf.dff0b1718263dd0ba0cb879ddb8ec5a1.jpg,0,1
im_f286__jpg.rf.b6292a7804625424fca868d7bf353897.jpg,1,0
im_f952__jpg.rf.dfffcd83ccaf7025e3f54cae70eb4ed7.jpg,0,1
im_u1956__jpg.rf.4d27218fa5e07350320af686081f70bb.jpg,1,0
im_u1905__jpg.rf.0102860a002c7321d9680a2fddcab812.jpg,1,0
im_u1900__jpg.rf.c3466c2701a3ced5cc3184ac4e163d7b.jpg,1,0
im_f865__jpg.rf.5d3fbb8d2fe19a51c567fe74eb4c2855.jpg,1,0
im_u21__jpg.rf.b344f312c355d7a0e57dfcde882dc48e.jpg,1,0
im_f2285__jpg.rf.134c57f158c643b469dbf8ca812425f1.jpg,0,1
im_f1771__jpg.rf.754cd5ccc08f500e2b6212e3f732d5f7.jpg,0,1
im_u122__jpg.rf.74d01c975c7c14b52d8b279234a0d5b5.jpg,0,1
im_f32__jpg.rf.97bac31d29feb1416f7a461576560103.jpg,0,1
im_f59__jpg.rf.f61673a3625fcf550a2d04a8275ff1a6.jpg,0,1
im_u1552__jpg.rf.0d336447ce316ffd140b6927d2a705af.jpg,1,0
im_u129__jpg.rf.4ad46af887e48f13feddac092b3a66b0.jpg,0,1
im_u1451__jpg.rf.614cf525b1b5779a88b2145620397fbc.jpg,1,0
im_f101__jpg.rf.c850cbbf18d77e1f30e9ce9d008d440f.jpg,0,1
im_f268__jpg.rf.f09d59454ca74a5c04c17c2822a80594.jpg,1,0
im_f1698__jpg.rf.318a8b76099a92b1b56c90ce8d3b593c.jpg,1,0
im_u569__jpg.rf.13329467f23d77de0080b7da13e3de3d.jpg,1,0
im_f1153__jpg.rf.fafc52a7722ee6ee37cd784bf30c8bdf.jpg,1,0
im_u1169__jpg.rf.000a8f269976e360931959cadd7bcbf7.jpg,1,0
im_u1901__jpg.rf.6e0a362104a9d2f1733353ae1052743e.jpg,0,1
im_f74__jpg.rf.e3af8d52d506d5c90cb9d6eb64952d7e.jpg,0,1
im_f1253__jpg.rf.511f7e1c32f79d3983526678c3573a9b.jpg,1,0
im_u395__jpg.rf.ec9b6102c6b4731f46fab8a8a8f21176.jpg,1,0
im_u486__jpg.rf.28ff68ec8b863598fbaf98580b8beafb.jpg,1,0
im_f484__jpg.rf.33d97b4a10e3bab2b38f90b934e5b139.jpg,1,0
im_u601__jpg.rf.d1eb73e4478687fc1dda7b39b9c7cd01.jpg,1,0
im_u822__jpg.rf.307920a5670c3a0518c56db36719592f.jpg,0,1
im_u1726__jpg.rf.a690b355ef33b78c40fc66244860a29e.jpg,1,0
im_f492__jpg.rf.2ade9fec63339259731558af40e2d5b0.jpg,1,0
im_f386__jpg.rf.6919e07cc9926933fdf097d6dae00b6a.jpg,1,0
im_f472__jpg.rf.5c21aee7e1d580d6293e8618b34a9840.jpg,0,1
im_f1215__jpg.rf.e6b8e1e9f459eb901b7d5d3f19fab757.jpg,1,0
im_u1621__jpg.rf.f13e9e7c693d5f8d41d699da16030c45.jpg,1,0
im_u1390__jpg.rf.8c8a3afee68498e4cf6a20af479d97d0.jpg,1,0
im_f698__jpg.rf.90296f54811f1b5cb9473c949e6a51aa.jpg,1,0
im_u1478__jpg.rf.57fc54c7c192c327184798ea8cfe476d.jpg,1,0
im_u215__jpg.rf.86426ad7b70c27b424dde1c408e1b7b7.jpg,1,0
im_u520__jpg.rf.69d67e0de7492a3feb14013cb8ca655d.jpg,0,1
im_f1812__jpg.rf.b3a7fd99688a1ea195a4a3e2fb3b8b73.jpg,0,1
im_f1943__jpg.rf.e4db2f3f13e1b5b1e730cd5117deee93.jpg,1,0
im_f719__jpg.rf.2330307961b090958cea79e3f514f969.jpg,1,0
im_f1827__jpg.rf.84423468613363da976e5313fef20d20.jpg,1,0
im_u925__jpg.rf.d228fc90aef62fe8e3f14536ffbe673d.jpg,1,0
im_u169__jpg.rf.861203732784f130fdbf2afa34046aa5.jpg,0,1
im_u1749__jpg.rf.047f64424fa4cf06160b09ed6751b72e.jpg,0,1
im_u1773__jpg.rf.e4844345c3d0f210033ba6e16c33cc10.jpg,1,0
im_f481__jpg.rf.b50b0dbada8f149a170e2a30df3f95cb.jpg,0,1
im_u681__jpg.rf.eadb943365ed7bb29fd5a8a19546a884.jpg,1,0
im_u1075__jpg.rf.c2c5142ad423be6cf59780134c301e2e.jpg,1,0
im_u336__jpg.rf.6dc1e964fdeb6d31af232e11d34d7b97.jpg,0,1
im_f1844__jpg.rf.b6534102b6bcac24f9160355dd95081f.jpg,0,1
im_u84__jpg.rf.3000badb545ad25bdd44ab76baa13334.jpg,0,1
im_f1896__jpg.rf.01e2d378c13574c62d566241a85e5e64.jpg,0,1
im_u330__jpg.rf.8a943d3019beb5fd6368b4f3af982a95.jpg,1,0
im_u834__jpg.rf.d0cd6527e11df809e1e1d77ee503a3bd.jpg,1,0
im_f1857__jpg.rf.d4192b18a912d3fdf987739e1d1a5b20.jpg,1,0
im_f10__jpg.rf.0d2b79919edbf444f07cdd64480e42f6.jpg,0,1
im_f1928__jpg.rf.35dc27b2104b266fd68bae19edb1e62f.jpg,1,0
im_u108__jpg.rf.4db6694d3f64584777af0c8aa835e4d5.jpg,1,0
im_f352__jpg.rf.e9d6e11c88adfd3ebcb9b9cc9fbfb34e.jpg,1,0
im_u1385__jpg.rf.66cdb6a1c41c84d11eecc358779721b3.jpg,1,0
im_u1278__jpg.rf.a544d5150c69e921e1b432cff9002516.jpg,1,0
im_f1387__jpg.rf.169c927db1dbd3f69b90bbd88617b640.jpg,1,0
im_f1015__jpg.rf.9bef9444d3d10256dc70ec8138e4ba7c.jpg,1,0
im_f1993__jpg.rf.3e81d7830990daa8684f924c462b522b.jpg,0,1
im_u782__jpg.rf.f273190cd76e2cc310eb11671430a076.jpg,1,0
im_f1471__jpg.rf.256342c1f26040ef2ce08ae3ca6b34c0.jpg,1,0
im_f979__jpg.rf.a61be743fc09743388769eb2d5cb355c.jpg,1,0
im_f2017__jpg.rf.a38d0ed4417f324f11bfc1ed91e092ac.jpg,1,0
im_u1639__jpg.rf.49fc87218cbd8572b08f94d9cd2cccc7.jpg,0,1
im_f493__jpg.rf.abaee4bd6add70f1a37b5db7f19a5ce8.jpg,1,0
im_u1463__jpg.rf.7e3d4ab6182f5b9412e704b4bcc2abb1.jpg,1,0
im_f1159__jpg.rf.2145bc2544842dbfca91b11d30cc1211.jpg,0,1
im_f660__jpg.rf.043465ca44c7eee53bc723e5bdb5112e.jpg,1,0
im_f358__jpg.rf.436f372cee53d4c7f4cdbd933c9895b1.jpg,1,0
im_u184__jpg.rf.3a2dc5f1f1408ab7b9054e2bbfaac28b.jpg,1,0
im_u566__jpg.rf.1cee3e709867e8a89e5e4ffd9247f7c9.jpg,1,0
im_u334__jpg.rf.68440bb0e6ddec3726ac9da8f45b5bd3.jpg,1,0
im_f1298__jpg.rf.0e7d9b91f2d821259d4477579637e86b.jpg,1,0
im_u1625__jpg.rf.ffd68fe7cdfc180fd734e5c3785040ad.jpg,1,0
im_f1874__jpg.rf.cf4a7e9ff54075dc32f3e9f80f8c4e7d.jpg,1,0
im_u1125__jpg.rf.21e14fa165490e73823c2669386d32ad.jpg,1,0
im_u838__jpg.rf.4840d086c1b81afd1d446aa3540817f5.jpg,0,1
im_f388__jpg.rf.5a9dfc5a30a920aed70fca974d265535.jpg,0,1
im_f1241__jpg.rf.fa251c8e561f1f9576b8655c9b352fa6.jpg,0,1
im_f1447__jpg.rf.991e70423f7f31eaf9be06f6c8b83b79.jpg,1,0
im_f434__jpg.rf.4c73b021bb43882b5bfdc0004925ce2a.jpg,1,0
im_u832__jpg.rf.6a2119967610c487827f2b177add0f26.jpg,1,0
im_u1388__jpg.rf.cf6cd67a2c8fcad21dc4605156609c03.jpg,1,0
im_u1151__jpg.rf.e60ce5d9730b9988979e548e75fb0ec6.jpg,0,1
im_f1143__jpg.rf.43fd03991edf177c2d0449f6d5e22d5e.jpg,0,1
im_f507__jpg.rf.5ff69ec470649a3f8278e46525f124a1.jpg,0,1
im_f1632__jpg.rf.faea9c1df1992c289f404de918355e71.jpg,1,0
im_f419__jpg.rf.f60d3b0c113fa461b5095b2b8a2a7290.jpg,1,0
im_u149__jpg.rf.dba0933652c41c4949e026903f7a3133.jpg,1,0
im_u1951__jpg.rf.bd6b4585a49cf33d4b7363170905c169.jpg,0,1
im_f2198__jpg.rf.c6c88a69446643b355c99a3e23550029.jpg,1,0
im_u3__jpg.rf.31810ae44580497efad70c51db1b227b.jpg,1,0
im_u1122__jpg.rf.0ae65430a667e0726869414f0bee36eb.jpg,1,0
im_f1959__jpg.rf.a82b1acca12461d1031a9dfbbb9866a2.jpg,1,0
im_u2036__jpg.rf.0be6536fc5efa37a2bb12f4beb094a3c.jpg,0,1
im_u1584__jpg.rf.185973ecdf4f0c1572aa0136bc9b01bc.jpg,1,0
im_u1617__jpg.rf.f9fcea8dfa25078b335b1bd1759ba8ea.jpg,1,0
im_u1752__jpg.rf.9cd151cda4c3834498dcd7df93d87971.jpg,1,0
im_f758__jpg.rf.69cf965f1aba4d9d5bcab1449f16d40a.jpg,0,1
im_f2271__jpg.rf.d00147dc921ed3c0bbda2f58a42a8a48.jpg,0,1
im_u1417__jpg.rf.4b053eeee5f49545906f907a287ac1ec.jpg,1,0
im_f1582__jpg.rf.a44e2969c03c137a3d784736c8458068.jpg,0,1
im_u1108__jpg.rf.f5244e31997660d0d3f6d6f09f7697b7.jpg,1,0
im_u1214__jpg.rf.5e43d6d580ae1d2c89bcd283562292ed.jpg,1,0
im_f512__jpg.rf.8b582721804983b7423c6a6604a650d1.jpg,1,0
im_f1184__jpg.rf.1c975b2403c1704167bc96767ff62e2c.jpg,1,0
im_u1985__jpg.rf.6cc305d49b477dbae5f6600ed1449423.jpg,1,0
im_u1133__jpg.rf.3abd16f05fed592a7cff1bbd8befeaa0.jpg,0,1
im_u1129__jpg.rf.ec5c19f13e9622405ce856fe61914b41.jpg,0,1
im_f607__jpg.rf.835f9471f208dbed151142bd51ef7318.jpg,1,0
im_f641__jpg.rf.5e3c5c272071ba4b5f4b0237f5ed7d3c.jpg,1,0
im_f23__jpg.rf.a57575b390b20d4ac2ac04ba3afd94e4.jpg,1,0
im_u195__jpg.rf.72ebf36735b8007f8e50d92b9ea8b516.jpg,1,0
im_f100__jpg.rf.25c7b33a8d0f2dc67b9c177d2400d7ae.jpg,0,1
im_f1360__jpg.rf.d9c83748578d4faaad164416b0510068.jpg,1,0
im_u587__jpg.rf.91f2bc450dd9962e75b3e3461f74c493.jpg,1,0
im_f373__jpg.rf.b8a732c976a62ad0def14bd932c35b3b.jpg,1,0
im_f1480__jpg.rf.1e62970538b73fdcd6697003ae5beec3.jpg,1,0
im_u1204__jpg.rf.3e2c12533bec47b52b03cbf77fa5662c.jpg,0,1
im_u490__jpg.rf.5c111a3bb9e801a67a600efe9cd21a74.jpg,1,0
im_f963__jpg.rf.7cc6f2c5befeb4f205e002f6f2834634.jpg,0,1
im_f843__jpg.rf.60dc6393ab03d8761455386e7f0fba01.jpg,0,1
im_f2496__jpg.rf.7c3ebcd4cbd73eea14e1f5aeb34b02c0.jpg,1,0
im_f119__jpg.rf.830a719e1731ea3c819882b4504d795a.jpg,0,1
im_f814__jpg.rf.12640c39d80e7068381e9f9d53a7a26a.jpg,1,0
im_f229__jpg.rf.65c7ec057163e2befa25fae287621737.jpg,1,0
im_f1578__jpg.rf.1b88126e7ead4391ae0834b357cba107.jpg,0,1
im_u1674__jpg.rf.540fe1b5a3cf71853ca2639817013f64.jpg,1,0
im_u973__jpg.rf.194f31450cc511a5243a07366c02c077.jpg,1,0
im_f920__jpg.rf.a04289ab16867c99d716437e0bf1eab2.jpg,1,0
im_f734__jpg.rf.9ae6b3dc6873c8578215021bb2815923.jpg,0,1
im_u715__jpg.rf.5087f986f35dcd2f7245696502c5f791.jpg,1,0
im_f197__jpg.rf.5c828e0a0c1c4d589325d468d27be9ea.jpg,1,0
im_f420__jpg.rf.8a9fbf61984dfb8cf9cb8acc3031c820.jpg,1,0
im_f1175__jpg.rf.dbf6673f259fced874c67aea3e3261a7.jpg,1,0
im_u1780__jpg.rf.b6cc62fdc25148c72999bf5d55a5f423.jpg,1,0
im_u1525__jpg.rf.7bb4db5f8d16c7ffa8e943fac350cf6d.jpg,1,0
im_f172__jpg.rf.1f7e0fb1e020085138f5242282148a7b.jpg,0,1
im_u1178__jpg.rf.9ce099ef3ec0f35543a86c135619d739.jpg,1,0
im_u1043__jpg.rf.99278cc9bf2fbf3a9fe966e6951f3291.jpg,1,0
im_f418__jpg.rf.548f8691682570033b9351b780070d6a.jpg,0,1
im_f248__jpg.rf.c29cf0f5e5fb16715a30a0b9ef29082b.jpg,0,1
im_f46__jpg.rf.52cc802c853fceb36511dd83d0fe725c.jpg,0,1
im_u1069__jpg.rf.b8930c6d4d640cd44db98903aba75fa6.jpg,1,0
im_u554__jpg.rf.07b8beec83440ef31c0252c084fc3cea.jpg,0,1
im_f1693__jpg.rf.0edfaa2633cdb28c45a20091f5f237c2.jpg,0,1
im_f1869__jpg.rf.4bea5442f9fcd1ee71b5fce2cc54b835.jpg,0,1
im_u1948__jpg.rf.78763ec498c4ea63bb26d04871fbea93.jpg,1,0
im_u939__jpg.rf.85002035b55e8fcf792154b12d709f26.jpg,1,0
im_f1563__jpg.rf.85876bb11958e1227f11bc4d12ff42e0.jpg,1,0
im_f203__jpg.rf.84b8f6478bd01adad28d47a43928cd4f.jpg,1,0
im_f311__jpg.rf.0cee30c3ef5bee69abdf4e11e9f82394.jpg,0,1
im_u1467__jpg.rf.3812222a8656d374e3610eafab06ac62.jpg,0,1
im_f479__jpg.rf.e11260782c43720d2c755315914c47e6.jpg,1,0
im_u1530__jpg.rf.6dffdeeb287b133aafc832cd205cc217.jpg,1,0
im_u80__jpg.rf.6e3bb2a495bbf1514290e712a742e812.jpg,1,0
im_u1444__jpg.rf.d1899b322fe38f68d7fb3cddd20e0a9b.jpg,1,0
im_u350__jpg.rf.b60d4f8d14fe351045d6125b03f39b7e.jpg,0,1
im_u1134__jpg.rf.bf3d4b45bbbd108738981ab9e0d9cfc3.jpg,1,0
im_u223__jpg.rf.a857c7b2981d878f8048eced50047c7c.jpg,1,0
im_f1041__jpg.rf.5b80f7a98614c9115173c167e970f2b6.jpg,1,0
im_u1667__jpg.rf.8b09df3f518c4726c0e66a8f9c2a1d1b.jpg,1,0
im_u141__jpg.rf.c2c987922c60748f568c8d17fd56c42a.jpg,1,0
im_u1644__jpg.rf.76356e7a5b154923028ce5377d5db5d6.jpg,0,1
im_f1342__jpg.rf.bbcd61eb75d2c627f2c9cd3f60f15da5.jpg,0,1
im_f173__jpg.rf.12cb27a28d61f78faaa64cb06a032c19.jpg,1,0
im_f227__jpg.rf.efde6b8c63204491bc1f7b8f0d7929d7.jpg,1,0
im_f1544__jpg.rf.8823e0761cd3b5ef6fbbb015f24c65cf.jpg,1,0
im_f2267__jpg.rf.b3d9dd0c98acb4befcb313b6efcfb43d.jpg,0,1
im_f2121__jpg.rf.da4ac27c4c7febd225f71ca1e80fb5a0.jpg,1,0
im_u1344__jpg.rf.4deaad5ff9bbf4f65acea4d6b9c61ac0.jpg,1,0
im_f2438__jpg.rf.87d5f5fe0a9163ccb7881c507410ae81.jpg,1,0
im_f2114__jpg.rf.7d92fb3357f6462b81c50b167d88d4a3.jpg,1,0
im_f1716__jpg.rf.b24162e39e00d38cf9678ee9f8dcd7fe.jpg,0,1
im_u1645__jpg.rf.e015964e955ba5a09475f2a697cbdd11.jpg,1,0
im_u1936__jpg.rf.8771eae7261053f0ecf3c485d8156bd3.jpg,0,1
im_f1744__jpg.rf.4f4bb2ac5581a6d28d1836b293d838c2.jpg,1,0
im_u514__jpg.rf.d99319e7cbdc10e985591058b643e311.jpg,1,0
im_f2386__jpg.rf.c03c68c1f6e58dd54cf4fc8b11ca181c.jpg,0,1
im_f1748__jpg.rf.ca7e7787e336e2a186e2fe0b3e1862ab.jpg,0,1
im_f2470__jpg.rf.c8b495dde5110f7171122ca6c97ef902.jpg,1,0
im_f277__jpg.rf.0280110dc2606d96866834b715aa0a9d.jpg,0,1
im_u1604__jpg.rf.2a15c95f9d9778044259eb410f90a205.jpg,1,0
im_f2209__jpg.rf.58665e84db5c041059973e67383d00eb.jpg,1,0
im_f1042__jpg.rf.d25cc0940ed4a7476624f6a9df02a17b.jpg,1,0
im_u619__jpg.rf.d2d920002c0c04fbd1d873b86fca4415.jpg,1,0
im_u1505__jpg.rf.92b08811b96457b29fe6c826eaf2d202.jpg,0,1
im_u280__jpg.rf.41fe803cec0558c1f4724bcd7d857bf4.jpg,1,0
im_f1037__jpg.rf.da52c65fa95fa1d4756e2e9814146b99.jpg,1,0
im_f890__jpg.rf.4c28e7599be1d196b2efee0266acc7cf.jpg,0,1
im_u51__jpg.rf.5aa4dc7f0bf4e0201b285ea2f8cf5672.jpg,0,1
im_f1623__jpg.rf.fcb8911e8c97d34521c37deb4e3442e3.jpg,0,1
im_f189__jpg.rf.f5eeaa6bb4f45080237bc1180b2803ed.jpg,1,0
im_f1269__jpg.rf.dc851c982fe638f2332016a2a8d61898.jpg,1,0
im_f17__jpg.rf.87ca6089c343ef8512431cd4cf9b9ef6.jpg,0,1
im_u875__jpg.rf.47b09752c1ca5e23b16cca08dc83d23a.jpg,0,1
im_f393__jpg.rf.7ab5f3219923054e900c94b75d0b4038.jpg,1,0
im_u1280__jpg.rf.98f253b08a4efb8c1c2e8063f6d470d2.jpg,1,0
im_u1769__jpg.rf.0bd67cb67302776e53b5b8512d7bf464.jpg,1,0
im_f766__jpg.rf.eaf97468a30c06230d07ceb9c19e1cb1.jpg,1,0
im_u509__jpg.rf.26b5973bcbfe17bfbe7beaa0e50ec90c.jpg,0,1
im_f1466__jpg.rf.b99d18ebc4dde6bc7378ffbee440163c.jpg,1,0
im_f1026__jpg.rf.3716ce838ade32d5515d04e8208fd4f1.jpg,0,1
im_f328__jpg.rf.60ed1cdb7264791b8c6dd0a2746455e7.jpg,1,0
im_f1888__jpg.rf.932e687a1a00fdad954076396c04f9bc.jpg,0,1
im_u173__jpg.rf.a6ff1bc0dee42a49f61f6fa7976f546d.jpg,0,1
im_u187__jpg.rf.cddf465fb572b2e9460e049e77cbca25.jpg,1,0
im_f474__jpg.rf.e3685ce2f00c312fb33ff18a73838d38.jpg,1,0
im_u1382__jpg.rf.5ba6c57a462c48f79913b305034d63e2.jpg,0,1
im_u920__jpg.rf.457552cf2cbc280f60e3be7efeda6adf.jpg,0,1
im_f1601__jpg.rf.11b6928c0de94dd29c62f2efdeaf574f.jpg,0,1
im_u224__jpg.rf.cf66dd968701ab341aa3d86f840be20e.jpg,1,0
im_f138__jpg.rf.73dc03f5f9cd4346a58c2136576b34b1.jpg,1,0
im_u1514__jpg.rf.834242dfed354a269dcfe0ef76a6fc5b.jpg,1,0
im_f1291__jpg.rf.5e51929fac937a2831959d50a9ccc05d.jpg,0,1
im_u582__jpg.rf.d2f9982f8d761ba4d5e1db467d822bf1.jpg,1,0
im_f400__jpg.rf.b21964c373352f8a34fe8bf8a13f1952.jpg,0,1
im_f765__jpg.rf.2b9fc2853fa70ce2f06a6ceb888e961b.jpg,1,0
im_f2193__jpg.rf.4cf870bf89583a52685f6b6db6b6b34d.jpg,1,0
im_u162__jpg.rf.9d6e2964b33c7f2e5477d30121939824.jpg,1,0
im_f1120__jpg.rf.6218751da48b0a1b861533e0de87d2e4.jpg,1,0
im_u279__jpg.rf.08259f35d8cc16972b6b3f7df1b9262a.jpg,1,0
im_u1833__jpg.rf.bdfd1036662dcca32ff904fbbb616694.jpg,1,0
im_f1222__jpg.rf.720663599dbd19ba10df2e0025773f0d.jpg,1,0
im_u896__jpg.rf.85c436a98dcbad15a333f4bf3a7bc89a.jpg,1,0
im_u203__jpg.rf.6864b0af366f02243f6fe6117adc07d6.jpg,1,0
im_u2028__jpg.rf.21686b8e9ac14fc0d70026131f2634ab.jpg,1,0
im_u496__jpg.rf.7e54a269d088ab202e6553297f3b72d0.jpg,1,0
im_f1011__jpg.rf.55e341e81aed3852540554625f936c48.jpg,1,0
im_f2187__jpg.rf.be5a978a0acab6e214e0ac9910254fb6.jpg,0,1
im_u728__jpg.rf.0f0d3cebbf5427e69e5b23ab481801f6.jpg,1,0
im_f2265__jpg.rf.2e6d4ca92c8ee821e352ec458c32d66b.jpg,1,0
im_u1187__jpg.rf.4e558b3c16eecff8df600edc91cd7361.jpg,1,0
im_u628__jpg.rf.28146d50f00633b0abd606f9b05c4b3a.jpg,1,0
im_f1012__jpg.rf.5ed4eee78021343895cc44d336ea09c5.jpg,1,0
im_f47__jpg.rf.7ca80b93fc890ab5c0c55093e6be7d30.jpg,0,1
im_u932__jpg.rf.530879f34544cd1a03d78c33092cb0f0.jpg,1,0
im_u855__jpg.rf.ec090c6a72471f0502d6011c18493043.jpg,1,0
im_u1952__jpg.rf.7228b26cda94081e2ff29b567b196c23.jpg,1,0
im_f1098__jpg.rf.6c4b0e73c4cd8061ae4f5b8ba30f5eb5.jpg,1,0
im_u1705__jpg.rf.8046de03285f3fd65761c289496a1520.jpg,1,0
im_u1925__jpg.rf.ab870c84ae7aefc2399974ac528a5fab.jpg,1,0
im_u1727__jpg.rf.adafcf351d6ba4786df47f12ac2d6fe8.jpg,1,0
im_f468__jpg.rf.f49fc216eb2a94b80cbac76de4cb1aac.jpg,0,1
im_f262__jpg.rf.9f2502538ffca8a547e5d5e24b190584.jpg,1,0
im_u985__jpg.rf.c11337c938ad6ad467ac13907c8fe91b.jpg,1,0
im_u841__jpg.rf.35d67509e51377b4f8f15d4fbf7d5790.jpg,0,1
im_u1237__jpg.rf.fd17a024c3b96f0f2148c436a85d6526.jpg,1,0
im_u662__jpg.rf.0821663ac5225c294848ddc70a03f616.jpg,0,1
im_f1723__jpg.rf.591ae9f88f1eae9dc661aac629e113c1.jpg,1,0
im_f646__jpg.rf.66f321e9843699f47d3caa7baf447f58.jpg,1,0
im_u77__jpg.rf.36e264d9bdfdaf54631be69b4a830b7f.jpg,1,0
im_f390__jpg.rf.3fb061fabb59df3b5be67b5c4db79dc0.jpg,0,1
im_u1158__jpg.rf.da24070721693883a321d209459c8101.jpg,1,0
im_u1414__jpg.rf.928d09fc25647633d5f0b0641d0f18ab.jpg,0,1
im_f1838__jpg.rf.44cd9b156f2802db0a89c8744f87671f.jpg,1,0
im_f2054__jpg.rf.09bb91f40db403cd3ef646174ec54749.jpg,0,1
im_u1640__jpg.rf.5f82f4b8ab05214468abf045ebc456fd.jpg,1,0
im_f1659__jpg.rf.044deea4d585c421bd540bd9659adc81.jpg,1,0
im_f2116__jpg.rf.30000dbecd842c2f2da84e3a4163bcdd.jpg,1,0
im_u1717__jpg.rf.56997ed00130e76de9673ef8e50e1bb4.jpg,1,0
im_f1396__jpg.rf.48b3b49137fb3b9cc64b62273fa48df1.jpg,0,1
im_u978__jpg.rf.749c5e2532b465d24e2c531e7ef0d6af.jpg,1,0
im_u907__jpg.rf.dc934d85cb7d446075e812a1afa4b2b0.jpg,1,0
im_u335__jpg.rf.edc2cbd61e6b18c66ad18a02f74191ba.jpg,1,0
im_u1264__jpg.rf.31fe82007cbe4c9429fb9d2b5a73777e.jpg,0,1
im_u296__jpg.rf.c8de1868189c4be33ee81d1d08d93d76.jpg,1,0
im_u1575__jpg.rf.4f51eef4e7b6f5a960af8d5294f034c6.jpg,1,0
im_u560__jpg.rf.53147ffff64ba03f83e84b89db1cc703.jpg,0,1
im_f1766__jpg.rf.362226b4b4c3556e24488f81e6b6e98a.jpg,0,1
im_u1678__jpg.rf.a2f5c6eaf7e3d7a420230b6567385238.jpg,0,1
im_u1266__jpg.rf.3047b3830a4e462f03c60820f604b636.jpg,0,1
im_f1065__jpg.rf.eaefae468300acaabd7cf5349cd247cc.jpg,1,0
im_f1056__jpg.rf.0d7d51f450dda02d329eb660cfd3ae25.jpg,0,1
im_f1754__jpg.rf.a57b8d1fbca90e3dc44961b8e6847e61.jpg,1,0
im_u1__jpg.rf.9c052c4dae1e0186a82ca33fbdef4a60.jpg,1,0
im_u1150__jpg.rf.86b2ef84f04b4a7538fe97e8f2b7f063.jpg,1,0
im_f1778__jpg.rf.05565f17af4f238c74d145a7a3be5a7a.jpg,1,0
im_f291__jpg.rf.276b90f0dc83191ce83a8e6ceec951f6.jpg,1,0
im_f205__jpg.rf.459f19beda77f6453f56baa55724d717.jpg,1,0
im_f1859__jpg.rf.dcd89a33ee2a506511669cecd7dd0f0e.jpg,1,0
im_f500__jpg.rf.1ab8e01fd0be5d0d80127bc0c7161a40.jpg,0,1
im_f12__jpg.rf.93ac0e8a33fd132adde5e2cb1a25c597.jpg,1,0
im_f1652__jpg.rf.053c6cc3a966b480fc635ad85fe1ceb6.jpg,1,0
im_f185__jpg.rf.ca54ed87080b9ac24f2f05b724f0bcc0.jpg,1,0
im_u531__jpg.rf.e681a8cc17a31ad655b93b7d06d3bb68.jpg,0,1
im_f284__jpg.rf.cadd991b5e6d7444452da696e91d08bd.jpg,0,1
im_f499__jpg.rf.ac7b3833b33295e84fc6b470c2e59010.jpg,1,0
im_f519__jpg.rf.b9f8c911ab275da258f204998a49c43d.jpg,0,1
im_f220__jpg.rf.8af2960d8842db531dd384d5511c080b.jpg,1,0
im_f1892__jpg.rf.5cccf6f7dfbdb44914ad3b5abcb5eeb9.jpg,0,1
im_f713__jpg.rf.2555fd3d4f684ecbcd476bfa2ed23b48.jpg,0,1
im_u1171__jpg.rf.61012ee12a012931b603aeeb97cd10f7.jpg,0,1
im_u1320__jpg.rf.e481f9d8cdb6ab87c5fbf4f5b862b9a8.jpg,1,0
im_u502__jpg.rf.2d0bb85f6562cc47a33d56a44fcb55b8.jpg,1,0
im_u517__jpg.rf.422fb81c43d6d5b8a55d1738d5b93222.jpg,1,0
im_u272__jpg.rf.5487cfb88813a067761247cd1a005872.jpg,1,0
im_u1843__jpg.rf.eb8b723d90e1e35c3d9bdce49d3c7924.jpg,0,1
im_f1679__jpg.rf.3fc52d41339326620ead9973bdaaffe4.jpg,0,1
im_u1569__jpg.rf.e164dc1babe1ce6a738c2752f5953341.jpg,1,0
im_f2352__jpg.rf.ae62048ec9ad3cbd658cd382f13c925d.jpg,1,0
im_f42__jpg.rf.cae83b9650b76a0ac79a99e1ceea7d89.jpg,0,1
im_u975__jpg.rf.2defb533b8da09bac4c86615b4118ed4.jpg,1,0
im_u1988__jpg.rf.729ba99ac346858df9c5d5ef28d6822b.jpg,0,1
im_f1408__jpg.rf.bbc25fc4b4f4892d4fbb8754f104d084.jpg,1,0
im_f2481__jpg.rf.e55aac1704b5fe3f2f531b19da78bfa5.jpg,1,0
im_f1001__jpg.rf.5a30f8d7c50f3057925ac08052c81d6a.jpg,0,1
im_f1533__jpg.rf.f45648c6a38abbdc0bbaf9684b6cdeef.jpg,1,0
im_u1676__jpg.rf.c625c2c4abb25a8b01887e16bfba9058.jpg,0,1
im_u729__jpg.rf.c24df47f69e4542a856ac8e88561e5e4.jpg,1,0
im_u772__jpg.rf.63be6d05e5e319b5b6affffe4ba124e0.jpg,1,0
im_u1759__jpg.rf.c1f7eeea22937588416481a36aceabcd.jpg,1,0
im_u1067__jpg.rf.dade07ec1105c7e56216edef2a200352.jpg,1,0
im_f437__jpg.rf.c41c8858e000958207c0808b2eb7b04c.jpg,1,0
im_u2021__jpg.rf.034ed11c623624be7b77ac8b3731b0e8.jpg,1,0
im_f129__jpg.rf.e44530d5c67f567d55a576a67042f323.jpg,1,0
im_f2472__jpg.rf.27f2d20e8412e1f3178412d346ce6e11.jpg,1,0
im_f633__jpg.rf.313747fa5bee41360678214f16b746a8.jpg,1,0
im_f2124__jpg.rf.ee273ba2d7e8ea647caaf016733df64a.jpg,1,0
im_f568__jpg.rf.b21aed6e57748acf360f274beeb311c8.jpg,1,0
im_f884__jpg.rf.c9a55139c74577669c40a97a43af4f31.jpg,1,0
im_f1007__jpg.rf.94344fe5aaacbf33b97287734f8b3431.jpg,1,0
im_u1534__jpg.rf.a1b46f68224009ce78184b23ddea8c32.jpg,1,0
im_f635__jpg.rf.5b7c49c5fe56b2bb693c4247a12cc897.jpg,0,1
im_f840__jpg.rf.29019a27956b3196975533d251c734f6.jpg,1,0
im_u763__jpg.rf.eced944a428b9cf61c4d4a4e8fbf4839.jpg,1,0
im_u1663__jpg.rf.792aa652e90c41b114579ec18c8bdeb2.jpg,1,0
im_u750__jpg.rf.7c45577218a661934541717b7428dc51.jpg,1,0
im_f887__jpg.rf.3d9dc6d4b313701461654d4c1a7e2298.jpg,1,0
im_f818__jpg.rf.8e649dc5689b29a9d6c5a91784248b0b.jpg,1,0
im_f144__jpg.rf.460420faa812c8a1311f0fed2b1e27ce.jpg,0,1
im_u512__jpg.rf.6d91108c3aa14d60c2cdfe1ee71f54c2.jpg,1,0
im_u13__jpg.rf.1148f9ccf744bf50b2cfa0fe201787b1.jpg,1,0
im_f1416__jpg.rf.877e53bfc809c5f86554d3ac541116ea.jpg,1,0
im_u1600__jpg.rf.d62e6b57df237b6f0340caa17087a977.jpg,0,1
im_f1193__jpg.rf.e78c42f8a585b40e83705738991ae9f4.jpg,0,1
im_f377__jpg.rf.e64b0d2d32ff2738375b41a5577989f9.jpg,0,1
im_u1839__jpg.rf.e259cdf7e7138676b6a3679dec89562f.jpg,1,0
im_u1501__jpg.rf.a0caf0a167dcba6b9d84f98209155ca0.jpg,1,0
im_f1998__jpg.rf.9b28764960515e3d43383c0464d5d974.jpg,1,0
im_u693__jpg.rf.5913856a5e7360c08512b97e4ba9a438.jpg,1,0
im_f36__jpg.rf.01aa4f30cc888b572df7a66b3a99ac8f.jpg,0,1
im_f226__jpg.rf.61c9fe834173e92deca95a0f219739b3.jpg,1,0
im_f425__jpg.rf.65772023649d4e4157ac052a744a1a94.jpg,0,1
im_f807__jpg.rf.165fe277b1103ffd209a945254daba0e.jpg,0,1
im_u69__jpg.rf.94bd63d2ee5267ae21f675c6d3bd0365.jpg,0,1
im_f1634__jpg.rf.83206896e71f047e3efa571b08fb90b0.jpg,1,0
im_f820__jpg.rf.d309ed79b0a70b145aff22a50ffe9d94.jpg,0,1
im_u505__jpg.rf.b7cf5a317d3ad5959c5e61810a599dbe.jpg,1,0
im_u362__jpg.rf.f9e5c966dd92a7d14c85f9db876c7f27.jpg,1,0
im_u67__jpg.rf.ecc8bba2457bb59f9885777734c9495a.jpg,1,0
im_u1889__jpg.rf.8e07954993a4a186b1f90914f0a86ee7.jpg,1,0
im_u432__jpg.rf.07e78c12c6a1366146eee2f2753e1d1d.jpg,0,1
im_f2202__jpg.rf.c30408cbe87538e45bf5f292d794f099.jpg,1,0
im_u1319__jpg.rf.de7ba99ad847246e7f5ef268668376a6.jpg,1,0
im_u388__jpg.rf.a1b3dc449862567be9bce56743c18717.jpg,1,0
im_f1207__jpg.rf.43fadf41be723e57a23cba96d8b8cd8a.jpg,1,0
im_f2360__jpg.rf.42e0b55aa5a9db60c14b306497418c69.jpg,1,0
im_u969__jpg.rf.6ae1259b8bd3573ab0e7e36f25eb3b1e.jpg,1,0
im_u1647__jpg.rf.4e3f68ea5c9e45147da792b0abcf83ba.jpg,1,0
im_f1276__jpg.rf.994b33f422c688e5f66f702c25bc10e1.jpg,0,1
im_f244__jpg.rf.4b3deb54ab44b4d48aa6ed31969972d7.jpg,1,0
im_u438__jpg.rf.a221b2ec7b5311c7a86378fc832b69c6.jpg,0,1
im_u1927__jpg.rf.c9d39ae83c5cefe19aa7f219898f9d83.jpg,1,0
im_u1058__jpg.rf.bc80c3d1b7d1e6af51068ae7a7163a6e.jpg,0,1
im_u329__jpg.rf.4b6a8d482d19ae84df01d4835c1feb92.jpg,1,0
im_f1995__jpg.rf.e4fde8467021b8fb224290ed593e7d65.jpg,1,0
im_f934__jpg.rf.a4ac16000aafc4950ee218234c5b9d41.jpg,0,1
im_u1808__jpg.rf.45d4bb45b5e10395834e93596a2b7607.jpg,1,0
im_f725__jpg.rf.56bc2b6ace5bbc9f4f89f232d38732d9.jpg,0,1
im_f714__jpg.rf.162bdf4c57e19850ebe062a965b28ffb.jpg,1,0
im_u1937__jpg.rf.994258a4877802f95e5c266da2cbff85.jpg,1,0
im_f320__jpg.rf.350e613e512b651b4d3319da0c7b3a8f.jpg,1,0
im_f163__jpg.rf.6c8f8db17bd75fdc33af53391d201b2d.jpg,1,0
im_u1908__jpg.rf.482de150d786986c9d0567c2c64afae1.jpg,1,0
im_f1013__jpg.rf.6c1035f2eefc6b90fe2ae15fc9822964.jpg,1,0
im_u1438__jpg.rf.36db478b6f645d71fe69a297fc6f05ae.jpg,1,0
im_u1014__jpg.rf.15c374730959cf13047532e577627171.jpg,1,0
im_f2435__jpg.rf.43dd1a633e65a6edb34fc30969c6e69f.jpg,0,1
im_f1688__jpg.rf.d8874d673e8a7a368f6c8b2faf428aa7.jpg,1,0
im_f1278__jpg.rf.1a53c11282d35898005374406e0b4924.jpg,0,1
im_f1226__jpg.rf.71234a5dc2867e63675d9885b3e7fb93.jpg,1,0
im_f525__jpg.rf.2ffd539959fd47424ecf56a688578bd9.jpg,1,0
im_u976__jpg.rf.ff4f8e5ffa2c7281d7b8b2e41d6206a9.jpg,1,0
im_u1285__jpg.rf.5b344da65c70629b870a2ad443302814.jpg,0,1
im_u1026__jpg.rf.1bc1e1816333de156bce4cd8af9362eb.jpg,0,1
im_f566__jpg.rf.0966fa28f923b014c78fdd4d81591d98.jpg,1,0
im_f222__jpg.rf.18cc84bbeb5e007b7481ec1fd7c242d1.jpg,1,0
im_f2227__jpg.rf.212c2f8dc67a7c2b914e834be3b22ccd.jpg,1,0
im_u47__jpg.rf.220e16805abaae530649861d495d0ada.jpg,0,1
im_u761__jpg.rf.6848342687e87b88e771ad403beffb02.jpg,0,1
im_f149__jpg.rf.765f156e6ff2175410dafde3d1d4967a.jpg,0,1
im_u283__jpg.rf.5133273bd8b915328a4779ea81d2a6ef.jpg,1,0
im_f281__jpg.rf.4b9f4340e7cd9325d66a189fabd9b251.jpg,0,1
im_f1131__jpg.rf.d46a6b3d1850f342bece6cc0d0519a90.jpg,0,1
im_f1620__jpg.rf.c0bf4368adc9d7a2c70dc2da35bfb373.jpg,0,1
im_f518__jpg.rf.4258f52c4e717cb6f54abee78ca72196.jpg,1,0
im_f901__jpg.rf.97589dd51a4c4e32f4ec005584d52b37.jpg,0,1
im_u612__jpg.rf.2a2cee9ed10c5bbc6a801b713db5403e.jpg,0,1
im_u408__jpg.rf.9eef1264d53fb8fea2d807b7b7ab86eb.jpg,1,0
im_f450__jpg.rf.135666e15e09995f8fc92d97004c5800.jpg,0,1
im_f1526__jpg.rf.012142389ed219f0cbe7d686a08fce47.jpg,1,0
im_f239__jpg.rf.ea427686e5e87c5b4eb509af22e1ba5d.jpg,1,0
im_u163__jpg.rf.799e77a27e58e896e757a27207784b8d.jpg,1,0
im_f409__jpg.rf.dbf85a65137d46e0b0297920e340a822.jpg,1,0
im_u473__jpg.rf.ffa13e4da5c36625909cc859e5925cdb.jpg,1,0
im_u1367__jpg.rf.215b8b66a93c868a252d2f5ece8c34a3.jpg,1,0
im_u1415__jpg.rf.18ebcb3727399fa6fd866e511063493b.jpg,1,0
im_u1138__jpg.rf.36d4184930f316335a819fe8c38e23a6.jpg,1,0
im_f1049__jpg.rf.9de6e37a399da5e30c94bfeb6bbe2b29.jpg,0,1
im_u1603__jpg.rf.9dcf1cab414ab9ed82cd2aff3150523a.jpg,1,0
im_f1646__jpg.rf.ef64daa3c4bd5b65f087e0598bb34862.jpg,0,1
im_u1063__jpg.rf.1fe9b5d662cbcc74c28794ef36fe6cfc.jpg,1,0
im_f54__jpg.rf.8cf33bd2d4ef5c4b6d5146fdba13786e.jpg,0,1
im_u407__jpg.rf.7b61aad9d0f57cb1b6695ca1c4176991.jpg,1,0
im_u50__jpg.rf.8d9c3a82087c2d04938b167b98e1be48.jpg,1,0
im_u1840__jpg.rf.689f4e708891851842325fa4714ad824.jpg,1,0
im_u1199__jpg.rf.4826d0153d0d18fb74f9dc8c4813af8c.jpg,1,0
im_f257__jpg.rf.ebf288fc6a2a63c115c3b4d4473c0340.jpg,1,0
im_u1847__jpg.rf.0ebea92d8882d820ebfeb7a8dabda02f.jpg,1,0
im_u743__jpg.rf.dcbe6e65f7ce44779bbf31cdd422564c.jpg,1,0
im_u40__jpg.rf.ba4d6bf8a06f46422048f67136e87913.jpg,1,0
im_f2135__jpg.rf.eeedba5192180762fb75d58e5249bd79.jpg,1,0
im_u12__jpg.rf.79a376d10bb84555964f725f9b21aa26.jpg,0,1
im_f899__jpg.rf.2bfc1487366b91f948e82a3af6358c1b.jpg,0,1
im_u478__jpg.rf.f241348e99eaff0bfd1496268fbe4173.jpg,1,0
im_f66__jpg.rf.127e7f1608fee5131c9b42a0ba10b440.jpg,1,0
im_f2329__jpg.rf.4c9e50964f8616ca8c81389843419023.jpg,1,0
im_u848__jpg.rf.9b137991875b936a938b20c570d7b612.jpg,0,1
im_f1737__jpg.rf.7eb2bf40eb65578b6c8669006cce1ed6.jpg,1,0
im_u1294__jpg.rf.ea222b53332e89879bce1bc2f662e6c1.jpg,1,0
im_u1599__jpg.rf.f99756edf57c15e4938ccbe6687bcd4a.jpg,1,0
im_f1227__jpg.rf.88080c257f17434710dcc20813f0a910.jpg,1,0
im_f1421__jpg.rf.186db4f6657354841f36ed011d0e4cdc.jpg,1,0
im_f2015__jpg.rf.7b89acfd0a3a9a937a7d57ec53730d68.jpg,0,1
im_u304__jpg.rf.325d067b5b59fa536c3553d378aab3bb.jpg,1,0
im_u894__jpg.rf.1c520577531f0f7c95f8590ef3556231.jpg,1,0
im_f1482__jpg.rf.75ff45fb55a88b3ebb8761c650eee257.jpg,1,0
im_f624__jpg.rf.8ec39c65c1b10673dad215b3828a9561.jpg,0,1
im_f1104__jpg.rf.0bccac994dd2152e6085b846f307ed7e.jpg,1,0
im_f773__jpg.rf.25740cce511c3aa0230c85aa53d8a2cd.jpg,1,0
im_u1439__jpg.rf.c53096533fc270bdbf63bb4205736c45.jpg,1,0
im_u1860__jpg.rf.f75240b7eb304e56a67ecc46ab69021c.jpg,1,0
im_f214__jpg.rf.ba15db467619e20cec7c925219afa746.jpg,1,0
im_f909__jpg.rf.f64ee21955a318b3518b71d241315f74.jpg,0,1
im_f2138__jpg.rf.dff54722dd9c32dbd869b45a390df450.jpg,0,1
im_f1102__jpg.rf.db23b304849b2e33365fdd650a75cc38.jpg,1,0
im_f923__jpg.rf.09df37c6adce9dade760a5b906bd0079.jpg,1,0
im_f1009__jpg.rf.743d49a0c79a13f95a3b7a2a577e1482.jpg,1,0
im_f1027__jpg.rf.417e2e981ab9de5c00c45a9e12f9f1b4.jpg,1,0
im_f1051__jpg.rf.781fd2a3d8f717df0376ebc9e135d67b.jpg,1,0
im_f1147__jpg.rf.d9b44efc99ffa881ec00ca63967fb635.jpg,1,0
im_f1185__jpg.rf.d591ed499f7b251fd70912e0f924d77d.jpg,1,0
im_f1391__jpg.rf.b5606e13c355dc0f12d76f911b5ba3f8.jpg,1,0
im_f1395__jpg.rf.cd7dde9086956969eeddd37bba702d38.jpg,1,0
im_f1462__jpg.rf.89bdf7f95d44258b69364eaaecd2283d.jpg,1,0
im_f1664__jpg.rf.5fbbee485ad32f15ca051b0a47d07e66.jpg,1,0
im_f1764__jpg.rf.cd552c3b7eacca9d03760042fef8e978.jpg,1,0
im_f2146__jpg.rf.ce7b121b17ad3ce9ed0107aaa004519b.jpg,1,0
im_f2217__jpg.rf.67580532069b0ee0f63dd03ca7e1283f.jpg,1,0
im_f2219__jpg.rf.5d2b19d88ace93fc9194d293e73b7de0.jpg,1,0
im_f2250__jpg.rf.9b674e42373b816adba9c0069d7aa3b3.jpg,1,0
im_f2499__jpg.rf.0c92e594548dcabe806351c51e290f46.jpg,1,0
im_u1006__jpg.rf.adca86d18c09c2e90f264c70a55fe3c7.jpg,1,0
im_u1034__jpg.rf.92d2bf340dd456383cf89ed306df18d6.jpg,1,0
im_u1106__jpg.rf.1ab99489441994d8725cf37b35b74b69.jpg,1,0
im_u1137__jpg.rf.b6ad92b754f84fa65765d4ae58c4fe22.jpg,1,0
im_u1152__jpg.rf.278e926ede82b8e2efbfaa456af55ab9.jpg,1,0
im_u1165__jpg.rf.15e445ed2b6419651e61894e0fc49ba2.jpg,1,0
im_u1168__jpg.rf.4e2423d62c1d7f253844fb5591477e17.jpg,1,0
im_u1203__jpg.rf.4f74d7e34399c29fe74057921f94e5d4.jpg,1,0
im_u1206__jpg.rf.e4ecc0a1337fe61f63bf215ab194054f.jpg,1,0
im_u1215__jpg.rf.d68b95517cc97e3327a23da9523e1ae6.jpg,1,0
im_u1220__jpg.rf.89a2712449f6670e7702d45ba1d4dae5.jpg,1,0
im_u1243__jpg.rf.6d1a4a8329e85b45ebca226af54210bc.jpg,1,0
im_u1246__jpg.rf.60409dc0382a99bf8b3c9cc8453106b4.jpg,1,0
im_u1297__jpg.rf.203e5a01f2b5c66202df33ec0bd13cf2.jpg,1,0
im_u1370__jpg.rf.0b01e8f48c740caf94e274ea6453e2ea.jpg,1,0
im_u1389__jpg.rf.f2891234cb2f48cb8a69fba132b771ca.jpg,1,0
im_u1400__jpg.rf.47992f0381f3916d54bb5a397992e196.jpg,1,0
im_u1429__jpg.rf.812c794d2c33d3dbb1a9686fd3c2e8f4.jpg,1,0
im_u1448__jpg.rf.2b4c6ff541933296f26d7a67fd6eec34.jpg,1,0
im_u1479__jpg.rf.7953ca2c37af86e21a8b873a84c5cb35.jpg,1,0
im_u1485__jpg.rf.f20a0104dd969a6fca92edc7cec5b7bb.jpg,1,0
im_u1533__jpg.rf.1bae99657350025308a87ba7f9b9a3d4.jpg,1,0
im_u1555__jpg.rf.6820b23f20626998c873a46e89e42b71.jpg,1,0
im_u1582__jpg.rf.734885db3532f44c3ee27cc8299725b0.jpg,1,0
im_u1606__jpg.rf.66dcb78fc389206483cffca23933e697.jpg,1,0
im_u1619__jpg.rf.c1bf9c34ded76e511a05571735fcd5c2.jpg,1,0
im_u1626__jpg.rf.26bf8ee850127e6f1a3349258e8e3608.jpg,1,0
im_u1662__jpg.rf.0e34a8139a601133d9befc14b169b2d4.jpg,1,0
im_u1665__jpg.rf.a7075bd005166a721df6ab75e69f0982.jpg,1,0
im_u1666__jpg.rf.b2e27e8bd13eca5bc4e98d3b4ab95734.jpg,1,0
im_u1692__jpg.rf.ca9eb9d4175fe73737988a5231cbd207.jpg,1,0
im_u1702__jpg.rf.884de95497416e93dda75a09f4fec730.jpg,1,0
im_u1709__jpg.rf.34ac686d495b134d7c5d8ca976414f80.jpg,1,0
im_u1716__jpg.rf.575de1f5b6e06f427f0dd6900082b137.jpg,1,0
im_u1755__jpg.rf.62aef6339430d54fc17fca5600709028.jpg,1,0
im_u1762__jpg.rf.934b226694d0170e02831b0ec497c80f.jpg,1,0
im_u1781__jpg.rf.fce777cc949cb54c8ad778d26eb27e58.jpg,1,0
im_u2022__jpg.rf.d63a381483537e44dd2d9eeb2ab88846.jpg,1,0
im_u2024__jpg.rf.d6a94eac4c0910ac723e480a10650baa.jpg,1,0
im_u2034__jpg.rf.a1b62a0502744927c7007689ed75c208.jpg,1,0
